{
	"instance" : { },
	"class" : {
		"ruleBadMessageRuleV1FalsePositive" : "guille 8/23/2016 09:46:21",
		"ruleClassNotReferencedRuleV1FalsePositive" : "guille 8/23/2016 09:46:21",
		"ruleCodeCruftLeftInMethodsRuleV1FalsePositive" : "guille 8/23/2016 09:46:21",
		"ruleGuardClauseRuleV1FalsePositive" : "guille 8/23/2016 09:46:21",
		"ruleImplementedNotSentRuleV1FalsePositive" : "guille 8/23/2016 09:46:21",
		"ruleRBBadMessageRuleV1FalsePositive" : "guille 8/23/2016 09:46:21",
		"ruleRBClassNotReferencedRuleV1FalsePositive" : "guille 8/23/2016 09:46:21",
		"ruleRBCodeCruftLeftInMethodsRuleV1FalsePositive" : "guille 8/23/2016 09:46:21",
		"ruleRBMissingYourselfRuleV1FalsePositive" : "guille 8/23/2016 09:46:21"
	}
}
		 
