{
	"instance" : {
		"taskItProcessesTable" : "SantiagoBragagnolo 8/23/2016 14:03",
		"manager" : "SantiagoBragagnolo 6/17/2016 13:50:44",
		"open" : "SantiagoBragagnolo 8/25/2016 10:48",
		"cleanUpSources" : "SantiagoBragagnolo 6/17/2016 13:50:44",
		"delete" : "SantiagoBragagnolo 6/17/2016 13:50:44",
		"systemProcessesTable" : "SantiagoBragagnolo 6/17/2016 13:50:44"
	},
	"class" : {
		"exampleProcessTable" : "SantiagoBragagnolo 6/17/2016 13:50:44",
		"processTable" : "SantiagoBragagnolo 6/17/2016 13:50:44"
	}
}