{
	"instance" : {
		"addFailureCallback:" : "guille 8/23/2016 09:46:21",
		"addSuccessCallback:" : "guille 8/23/2016 09:46:21",
		"andThen:" : "guille 8/23/2016 09:46:21",
		"block:" : "guille 8/23/2016 09:46:21",
		"collect:" : "guille 8/23/2016 09:46:21",
		"deployFailure:" : "guille 8/23/2016 09:46:21",
		"deploySuccess:" : "guille 8/23/2016 09:46:21",
		"fallbackTo:" : "guille 8/23/2016 09:46:21",
		"firstCompleteOf:" : "guille 8/23/2016 09:46:21",
		"flatCollect:" : "guille 8/23/2016 09:46:21",
		"initialize" : "guille 8/23/2016 09:46:21",
		"installFutureResult:" : "guille 8/23/2016 09:46:21",
		"isFinished" : "guille 8/23/2016 09:46:21",
		"on:do:" : "guille 8/23/2016 09:46:21",
		"onFailureDo:" : "guille 8/23/2016 09:46:21",
		"onSuccessDo:" : "guille 8/23/2016 09:46:21",
		"printOn:" : "guille 8/23/2016 09:46:21",
		"runner:" : "guille 8/23/2016 09:46:21",
		"scheduleCallbackTask:" : "guille 8/23/2016 09:46:21",
		"select:" : "guille 8/23/2016 09:46:21",
		"synchronizeTimeout:" : "guille 8/23/2016 09:46:21",
		"waitForCompletion:" : "guille 8/23/2016 09:46:21",
		"zip:" : "guille 8/23/2016 09:46:21",
		"zip:with:" : "guille 8/23/2016 09:46:21" 
	},
	"class" : {
		"doing:" : "guille 8/23/2016 09:46:21",
		"fromCollectionOfFutures:" : "guille 8/23/2016 09:46:21",
		"of:" : "guille 8/23/2016 09:46:21",
		"reduceCollectionOfFutures:with:" : "guille 8/23/2016 09:46:21" 
	}
}

