{
	"instance" : {
		"baseline:" : "SantiagoBragagnolo 8/23/2016 17:45"
	},
	"class" : {
		"load" : "SantiagoBragagnolo 6/17/2016 13:48:21",
		"catalogDescription" : "SantiagoBragagnolo 6/17/2016 13:48:21",
		"baseConfigurationClassIfAbsent:" : "SantiagoBragagnolo 6/17/2016 13:48:21",
		"DevelopmentSupport" : "SantiagoBragagnolo 6/17/2016 13:48:21",
		"loadDevelopment" : "SantiagoBragagnolo 6/17/2016 13:48:21",
		"catalogKeywords" : "SantiagoBragagnolo 6/17/2016 13:48:21",
		"isMetacelloConfig" : "SantiagoBragagnolo 6/17/2016 13:48:21",
		"ensureMetacelloBaseConfiguration" : "SantiagoBragagnolo 6/17/2016 13:48:21",
		"loadBleedingEdge" : "SantiagoBragagnolo 6/17/2016 13:48:21",
		"catalogContactInfo" : "SantiagoBragagnolo 6/17/2016 13:48:21"
	}
}