{
	"category" : "FFICHeaderExtractor-LibC",
	"classinstvars" : [
		 ],
	"classvars" : [
		"AT_EACCESS",
		"AT_FDCWD",
		"AT_SYMLINK_FOLLOW",
		"AT_SYMLINK_NOFOLLOW",
		"FD_CLOEXEC",
		"F_DUPFD",
		"F_DUPFD_CLOEXEC",
		"F_GETFD",
		"F_GETFL",
		"F_GETLK",
		"F_GETOWN",
		"F_RDLCK",
		"F_SETFD",
		"F_SETFL",
		"F_SETLK",
		"F_SETLKW",
		"F_SETOWN",
		"F_UNLCK",
		"F_WRLCK",
		"O_ACCMODE",
		"O_APPEND",
		"O_CLOEXEC",
		"O_CREAT",
		"O_DIRECTORY",
		"O_DSYNC",
		"O_EXCL",
		"O_EXEC",
		"O_NOCTTY",
		"O_NOFOLLOW",
		"O_NONBLOCK",
		"O_RDONLY",
		"O_RDWR",
		"O_RSYNC",
		"O_SEARCH",
		"O_SYNC",
		"O_TRUNC",
		"O_TTY_INIT",
		"O_WRONLY",
		"POSIX_FADV_DONTNEED",
		"POSIX_FADV_NOREUSE",
		"POSIX_FADV_NORMAL",
		"POSIX_FADV_RANDOM",
		"POSIX_FADV_SEQUENTIAL",
		"POSIX_FADV_WILLNEED" ],
	"commentStamp" : "MarianoMartinezPeck 1/23/2016 12:11",
	"instvars" : [
		 ],
	"name" : "LibCFcntlSharedPool",
	"pools" : [
		 ],
	"super" : "FFISharedPool",
	"type" : "normal" }
