{
	"instance" : {
		"actionOn:" : "SantiagoBragagnolo 6/17/2016 13:50:44",
		"hasBeenCancelled" : "SantiagoBragagnolo 6/17/2016 13:50:44",
		"model" : "SantiagoBragagnolo 6/17/2016 13:50:44",
		"receiver" : "SantiagoBragagnolo 6/17/2016 13:50:44",
		"job" : "SantiagoBragagnolo 6/17/2016 13:50:44",
		"name" : "SantiagoBragagnolo 6/17/2016 13:50:44",
		"process:" : "SantiagoBragagnolo 8/23/2016 13:31",
		"arguments" : "SantiagoBragagnolo 6/17/2016 13:50:44",
		"hasFinished" : "SantiagoBragagnolo 6/17/2016 13:50:44",
		"createActionIconOn:" : "SantiagoBragagnolo 6/17/2016 13:50:44",
		"indexString" : "SantiagoBragagnolo 8/23/2016 14:02",
		"hasBeenSuspended" : "SantiagoBragagnolo 6/17/2016 13:50:44",
		"selector" : "SantiagoBragagnolo 6/17/2016 13:50:44",
		"hasBeenResumed" : "SantiagoBragagnolo 6/17/2016 13:50:44",
		"state" : "SantiagoBragagnolo 6/17/2016 13:50:44",
		"task" : "SantiagoBragagnolo 6/17/2016 13:50:44",
		"messageSend" : "SantiagoBragagnolo 6/17/2016 13:50:44"
	},
	"class" : {
		"on:" : "SantiagoBragagnolo 6/17/2016 13:50:44"
	}
}