{
	"instance" : {
		"privateCancelExecutionFromSuspendedContext:" : "SantiagoBragagnolo 6/17/2016 13:49:27",
		"ifRunning:" : "SantiagoBragagnolo 6/17/2016 13:49:27",
		"resume" : "SantiagoBragagnolo 8/23/2016 11:26",
		"isRunning" : "SantiagoBragagnolo 6/17/2016 13:49:27",
		"name" : "SantiagoBragagnolo 8/23/2016 11:32",
		"privateEnsureNotInSameProcess" : "SantiagoBragagnolo 6/17/2016 13:49:27",
		"spawnPriority" : "SantiagoBragagnolo 6/17/2016 13:49:27",
		"isTerminated" : "SantiagoBragagnolo 8/23/2016 13:08",
		"createContext" : "SantiagoBragagnolo 6/17/2016 13:49:27",
		"messageSend" : "SantiagoBragagnolo 6/17/2016 13:49:27",
		"privateEnsureProcess" : "SantiagoBragagnolo 6/17/2016 13:49:27",
		"isRelatedWith:" : "SantiagoBragagnolo 6/17/2016 13:49:27",
		"annotate:with:" : "SantiagoBragagnolo 6/17/2016 13:49:27",
		"priority" : "SantiagoBragagnolo 6/17/2016 13:49:27",
		"suspend" : "SantiagoBragagnolo 6/17/2016 13:49:27",
		"createCancelContextFor:" : "SantiagoBragagnolo 8/23/2016 11:26",
		"name:" : "SantiagoBragagnolo 8/23/2016 11:22",
		"isRunningInTheSameProcess" : "SantiagoBragagnolo 6/17/2016 13:49:27",
		"ifRunning:ifNotRunning:" : "SantiagoBragagnolo 6/17/2016 13:49:27",
		"privateCreatePharoProcess" : "SantiagoBragagnolo 8/23/2016 11:25",
		"terminate" : "SantiagoBragagnolo 6/17/2016 13:49:27",
		"run" : "SantiagoBragagnolo 8/23/2016 11:28",
		"messageSend:" : "SantiagoBragagnolo 6/17/2016 13:49:27",
		"cancelIfNotRunning:" : "SantiagoBragagnolo 6/17/2016 13:49:27",
		"priority:" : "SantiagoBragagnolo 6/17/2016 13:49:27",
		"privateAskForCancel" : "SantiagoBragagnolo 6/17/2016 13:49:27",
		"privateExecuteAndFinalizeProcess" : "SantiagoBragagnolo 6/17/2016 13:49:27",
		"processAnnotation" : "SantiagoBragagnolo 6/17/2016 13:49:27",
		"privateFinalizePharoProcess" : "SantiagoBragagnolo 6/17/2016 13:49:27",
		"annotation:" : "SantiagoBragagnolo 6/17/2016 13:49:27",
		"announce:" : "SantiagoBragagnolo 6/17/2016 13:49:27",
		"cancel" : "SantiagoBragagnolo 6/17/2016 13:49:27",
		"isSuspended" : "SantiagoBragagnolo 6/17/2016 13:49:27",
		"ifSameProcess:ifDifferentProcess:" : "SantiagoBragagnolo 6/17/2016 13:49:27",
		"printOn:" : "SantiagoBragagnolo 6/17/2016 13:49:27",
		"privateExecution" : "SantiagoBragagnolo 6/17/2016 13:49:27"
	},
	"class" : {
		"resetAnnouncer" : "SantiagoBragagnolo 6/17/2016 13:49:27",
		"send:to:" : "SantiagoBragagnolo 6/17/2016 13:49:27",
		"uniqueAnnouncer" : "SantiagoBragagnolo 6/17/2016 13:49:27",
		"send:with:to:" : "SantiagoBragagnolo 6/17/2016 13:49:27",
		"forMessageSend:" : "SantiagoBragagnolo 6/17/2016 13:49:27"
	}
}