{
	"instance" : {
		"createActionIconOn:" : "SantiagoBragagnolo 6/17/2016 13:50:44",
		"process:" : "SantiagoBragagnolo 6/17/2016 13:50:44",
		"actionOn:" : "SantiagoBragagnolo 6/17/2016 13:50:44",
		"priority" : "SantiagoBragagnolo 6/17/2016 13:50:44",
		"state" : "SantiagoBragagnolo 6/17/2016 13:50:44",
		"name" : "SantiagoBragagnolo 6/17/2016 13:50:44",
		"model" : "SantiagoBragagnolo 6/17/2016 13:50:44"
	},
	"class" : {
		"wellKnownProcess" : "SantiagoBragagnolo 6/17/2016 13:50:44",
		"on:" : "SantiagoBragagnolo 6/17/2016 13:50:44",
		"systemProcesses" : "SantiagoBragagnolo 6/17/2016 13:50:44"
	}
}