{

	"class" : {
		"global" : "guille 8/23/2016 09:46:21",
		"resetGlobal" : "GuillermoPolito 8/23/2016 15:10" },
	"instance" : {
		"basicSchedule:" : "guille 8/23/2016 09:46:21",
		"future:" : "guille 8/23/2016 09:46:21",
		"getAvailableWorker" : "GuillermoPolito 8/23/2016 11:09",
		"initialize" : "GuillermoPolito 8/23/2016 11:09",
		"name:" : "guille 8/23/2016 09:46:21",
		"newWorker" : "GuillermoPolito 8/23/2016 11:07",
		"poolMaxSize:" : "guille 8/23/2016 09:46:21",
		"purge" : "guille 8/23/2016 09:46:21",
		"returnWorker:" : "GuillermoPolito 8/23/2016 11:07",
		"schedule:" : "guille 8/23/2016 09:46:21",
		"schedule:timeout:" : "guille 8/23/2016 09:46:21",
		"scheduleTaskExecution:" : "GuillermoPolito 8/23/2016 10:44",
		"size" : "GuillermoPolito 8/23/2016 11:09",
		"start" : "guille 8/23/2016 09:46:21",
		"stop" : "GuillermoPolito 8/23/2016 11:08",
		"workers" : "GuillermoPolito 8/23/2016 11:08" }
}

