{
	"category" : "FFICHeaderExtractor-LibC",
	"classinstvars" : [
		 ],
	"classvars" : [
		"E2BIG",
		"EACCES",
		"EADDRINUSE",
		"EADDRNOTAVAIL",
		"EAFNOSUPPORT",
		"EAGAIN",
		"EALREADY",
		"EBADF",
		"EBADMSG",
		"EBUSY",
		"ECANCELED",
		"ECHILD",
		"ECONNABORTED",
		"ECONNREFUSED",
		"ECONNRESET",
		"EDEADLK",
		"EDESTADDRREQ",
		"EDOM",
		"EDQUOT",
		"EEXIST",
		"EFAULT",
		"EFBIG",
		"EHOSTUNREACH",
		"EIDRM",
		"EILSEQ",
		"EINPROGRESS",
		"EINTR",
		"EINVAL",
		"EIO",
		"EISCONN",
		"EISDIR",
		"ELOOP",
		"EMFILE",
		"EMLINK",
		"EMSGSIZE",
		"EMULTIHOP",
		"ENAMETOOLONG",
		"ENETDOWN",
		"ENETRESET",
		"ENETUNREACH",
		"ENFILE",
		"ENOBUFS",
		"ENODATA",
		"ENODEV",
		"ENOENT",
		"ENOEXEC",
		"ENOLCK",
		"ENOLINK",
		"ENOMEM",
		"ENOMSG",
		"ENOPROTOOPT",
		"ENOSPC",
		"ENOSR",
		"ENOSTR",
		"ENOSYS",
		"ENOTCONN",
		"ENOTDIR",
		"ENOTEMPTY",
		"ENOTRECOVERABLE",
		"ENOTSOCK",
		"ENOTSUP",
		"ENOTTY",
		"ENXIO",
		"EOPNOTSUPP",
		"EOVERFLOW",
		"EOWNERDEAD",
		"EPERM",
		"EPIPE",
		"EPROTO",
		"EPROTONOSUPPORT",
		"EPROTOTYPE",
		"ERANGE",
		"EROFS",
		"ESPIPE",
		"ESRCH",
		"ESTALE",
		"ETIME",
		"ETIMEDOUT",
		"ETXTBSY",
		"EWOULDBLOCK",
		"EXDEV" ],
	"commentStamp" : "MarianoMartinezPeck 1/21/2016 12:29",
	"instvars" : [
		 ],
	"name" : "LibCErrnoSharedPool",
	"pools" : [
		 ],
	"super" : "FFISharedPool",
	"type" : "normal" }
