{
	"instance" : {
		"priorityColumn:row:" : "SantiagoBragagnolo 6/17/2016 13:50:44",
		"iconFor:" : "SantiagoBragagnolo 6/17/2016 13:50:44",
		"menuColumn:row:" : "SantiagoBragagnolo 6/17/2016 13:50:44",
		"searchText:" : "SantiagoBragagnolo 6/17/2016 13:50:44",
		"initialize" : "SantiagoBragagnolo 6/17/2016 13:50:44",
		"nameColumn:row:" : "SantiagoBragagnolo 6/17/2016 13:50:44",
		"removeAll" : "SantiagoBragagnolo 6/17/2016 13:50:44",
		"nameMenuColumn:row:" : "SantiagoBragagnolo 6/17/2016 13:50:44",
		"colorFor:" : "SantiagoBragagnolo 6/17/2016 13:50:44",
		"cellColumn:row:" : "SantiagoBragagnolo 6/17/2016 13:50:44",
		"stateColumn:row:" : "SantiagoBragagnolo 6/17/2016 13:50:44"
	},
	"class" : { }
}