{
	"instance" : {
		"cancel" : "guille 8/23/2016 09:46:21",
		"cancelWithReason:" : "guille 8/23/2016 09:46:21",
		"doExecuteTask" : "guille 8/23/2016 09:46:21",
		"executeTask" : "guille 8/23/2016 09:46:21",
		"executionProcess" : "guille 8/23/2016 09:46:21",
		"initialize" : "guille 8/23/2016 09:46:21",
		"isFinished" : "guille 8/23/2016 09:46:21",
		"isRunning" : "guille 8/23/2016 09:46:21",
		"runner:" : "guille 8/23/2016 09:46:21",
		"setCancelStateWithReason:" : "guille 8/23/2016 09:46:21",
		"setFinishedState" : "guille 8/23/2016 09:46:21",
		"setRunningState" : "guille 8/23/2016 09:46:21",
		"task:" : "guille 8/23/2016 09:46:21",
		"value" : "guille 8/23/2016 09:46:21" 
	},
	"class" : { }
}

