{
	"category" : "FFICHeaderExtractor-LibC",
	"classinstvars" : [
		 ],
	"classvars" : [
		"SIGABRT",
		"SIGALRM",
		"SIGBUS",
		"SIGCHLD",
		"SIGCLD",
		"SIGCONT",
		"SIGEMT",
		"SIGFPE",
		"SIGHUP",
		"SIGINFO",
		"SIGINT",
		"SIGIO",
		"SIGIOT",
		"SIGKILL",
		"SIGLOST",
		"SIGPIPE",
		"SIGPOLL",
		"SIGPROF",
		"SIGQUIT",
		"SIGSEGV",
		"SIGSTOP",
		"SIGSYS",
		"SIGTERM",
		"SIGTRAP",
		"SIGTSTP",
		"SIGTTIN",
		"SIGTTOU",
		"SIGURG",
		"SIGUSR1",
		"SIGUSR2",
		"SIGVTALRM",
		"SIGWINCH",
		"SIGXCPU",
		"SIGXFSZ" ],
	"commentStamp" : "",
	"instvars" : [
		 ],
	"name" : "LibCSignalSharedPool",
	"pools" : [
		 ],
	"super" : "FFISharedPool",
	"type" : "normal" }
